{
  "results": [
    {
      "command": "/Users/kakurega/dev/projects/kessel/kessel_bin parse /Users/kakurega/dev/projects/kessel/kessel/tests/fixtures/basic/001_const.js > /dev/null",
      "mean": 0.0025056597333333332,
      "stddev": 0.0018845527532139477,
      "median": 0.0020279795,
      "user": 0.0008534000000000001,
      "system": 0.0007440333333333332,
      "min": 0.001619166,
      "max": 0.012189834,
      "times": [
        0.001619166,
        0.001803291,
        0.0019015840000000002,
        0.0019023750000000002,
        0.002031667,
        0.0021505,
        0.00191225,
        0.001847791,
        0.0021758330000000003,
        0.0021342500000000003,
        0.0018930000000000002,
        0.001818792,
        0.001674375,
        0.0018349170000000001,
        0.001960875,
        0.001825875,
        0.003206875,
        0.002424625,
        0.012189834,
        0.002405167,
        0.002410333,
        0.0023553330000000003,
        0.0019142920000000002,
        0.00297275,
        0.00198575,
        0.0021706670000000003,
        0.003297,
        0.002081833,
        0.0032445,
        0.002024292
      ],
      "memory_usage_byte": [
        1851392,
        1851392,
        1851392,
        1851392,
        1851392,
        1982464,
        1982464,
        1982464,
        1982464,
        1982464,
        1982464,
        1982464,
        1982464,
        1982464,
        1982464,
        1982464,
        1982464,
        1982464,
        1982464,
        1982464,
        1982464,
        1982464,
        1982464,
        2015232,
        2015232,
        2015232,
        2015232,
        2015232,
        2064384,
        2064384
      ],
      "exit_codes": [
        0,
        0,
        0,
        0,
        0,
        0,
        0,
        0,
        0,
        0,
        0,
        0,
        0,
        0,
        0,
        0,
        0,
        0,
        0,
        0,
        0,
        0,
        0,
        0,
        0,
        0,
        0,
        0,
        0,
        0
      ]
    },
    {
      "command": "/Users/kakurega/dev/projects/kessel/kessel_bin parse /Users/kakurega/dev/projects/kessel/kessel/tests/smoke/es2025.js > /dev/null",
      "mean": 0.0020888639000000006,
      "stddev": 0.00022777656694306588,
      "median": 0.0020669375,
      "user": 0.0009919,
      "system": 0.0006875666666666667,
      "min": 0.0018355420000000001,
      "max": 0.002747625,
      "times": [
        0.001997708,
        0.002439834,
        0.001983042,
        0.0018426660000000002,
        0.00206375,
        0.0019699170000000003,
        0.0021940830000000003,
        0.0022751660000000003,
        0.0021765,
        0.0019517500000000001,
        0.0018547910000000002,
        0.0018355420000000001,
        0.0018428750000000001,
        0.001898333,
        0.0018365,
        0.0023510420000000002,
        0.001847125,
        0.002170042,
        0.0019742920000000003,
        0.002013875,
        0.002070125,
        0.0020839590000000002,
        0.002119667,
        0.002167041,
        0.002331959,
        0.0025539580000000003,
        0.002108083,
        0.002747625,
        0.002127917,
        0.00183675
      ],
      "memory_usage_byte": [
        2097152,
        2097152,
        2097152,
        2097152,
        2097152,
        2097152,
        2097152,
        2097152,
        2097152,
        2097152,
        2097152,
        2097152,
        2097152,
        2097152,
        2097152,
        2097152,
        2097152,
        2097152,
        2097152,
        2097152,
        2097152,
        2097152,
        2097152,
        2097152,
        2097152,
        2097152,
        2097152,
        2097152,
        2097152,
        2097152
      ],
      "exit_codes": [
        0,
        0,
        0,
        0,
        0,
        0,
        0,
        0,
        0,
        0,
        0,
        0,
        0,
        0,
        0,
        0,
        0,
        0,
        0,
        0,
        0,
        0,
        0,
        0,
        0,
        0,
        0,
        0,
        0,
        0
      ]
    },
    {
      "command": "/Users/kakurega/dev/projects/kessel/kessel_bin parse /Users/kakurega/dev/projects/kessel/kessel/bench_large.js > /dev/null",
      "mean": 0.05523528613333333,
      "stddev": 0.006045993144774951,
      "median": 0.053741083,
      "user": 0.04820173333333333,
      "system": 0.004886333333333334,
      "min": 0.052416458000000006,
      "max": 0.076993792,
      "times": [
        0.053348417,
        0.053753625000000006,
        0.053551,
        0.052416458000000006,
        0.053212125000000006,
        0.054093167000000004,
        0.054975167000000005,
        0.053263250000000005,
        0.0537585,
        0.054280625000000006,
        0.076993792,
        0.053546125,
        0.053551416000000004,
        0.054044542,
        0.053741083
      ],
      "memory_usage_byte": [
        32342016,
        32342016,
        32342016,
        32342016,
        32342016,
        32342016,
        32342016,
        32342016,
        32342016,
        32342016,
        32342016,
        32342016,
        32342016,
        32342016,
        32342016
      ],
      "exit_codes": [
        0,
        0,
        0,
        0,
        0,
        0,
        0,
        0,
        0,
        0,
        0,
        0,
        0,
        0,
        0
      ]
    }
  ],
  "benchmark_date": "2026-04-18T07:24:14+02:00",
  "kessel_binary": "/Users/kakurega/dev/projects/kessel/kessel_bin"
}
