{
  "results": [
    {
      "command": "/Users/kakurega/dev/projects/kessel/kessel_bin parse /Users/kakurega/dev/projects/kessel/kessel/tests/fixtures/basic/001_const.js > /dev/null",
      "mean": 0.0018126735000000003,
      "stddev": 0.0001908584835162448,
      "median": 0.0018378955000000002,
      "user": 0.0007805000000000002,
      "system": 0.0006582666666666668,
      "min": 0.0015133330000000002,
      "max": 0.002221916,
      "times": [
        0.0017136660000000002,
        0.001635542,
        0.001797917,
        0.0018222910000000002,
        0.0018715000000000001,
        0.0020015420000000003,
        0.002014042,
        0.0016057500000000002,
        0.0015133330000000002,
        0.001667208,
        0.0015620410000000001,
        0.0015753750000000002,
        0.00154575,
        0.0016284160000000002,
        0.0016182500000000001,
        0.002221916,
        0.0018535000000000001,
        0.0019283330000000002,
        0.0016920000000000001,
        0.0017574580000000002,
        0.001948667,
        0.002111291,
        0.0018670840000000002,
        0.002040833,
        0.0020670000000000003,
        0.0018578750000000002,
        0.001870167,
        0.0016346660000000001,
        0.0019828750000000003,
        0.001973917
      ],
      "memory_usage_byte": [
        1949696,
        1949696,
        1949696,
        1949696,
        1949696,
        1949696,
        1949696,
        1949696,
        1949696,
        1949696,
        1949696,
        1949696,
        1949696,
        1949696,
        1949696,
        1949696,
        1949696,
        1949696,
        1949696,
        1949696,
        1949696,
        1949696,
        1949696,
        1949696,
        1949696,
        1949696,
        1949696,
        1949696,
        1949696,
        1949696
      ],
      "exit_codes": [
        0,
        0,
        0,
        0,
        0,
        0,
        0,
        0,
        0,
        0,
        0,
        0,
        0,
        0,
        0,
        0,
        0,
        0,
        0,
        0,
        0,
        0,
        0,
        0,
        0,
        0,
        0,
        0,
        0,
        0
      ]
    },
    {
      "command": "/Users/kakurega/dev/projects/kessel/kessel_bin parse /Users/kakurega/dev/projects/kessel/kessel/tests/smoke/es2025.js > /dev/null",
      "mean": 0.002008064,
      "stddev": 0.00019817978155844187,
      "median": 0.001976625,
      "user": 0.0009614,
      "system": 0.0006655333333333331,
      "min": 0.001653584,
      "max": 0.0025475420000000003,
      "times": [
        0.001952958,
        0.002084666,
        0.0021585420000000003,
        0.002056584,
        0.001848084,
        0.0019768330000000003,
        0.0021445830000000003,
        0.002205084,
        0.0019220830000000002,
        0.002029958,
        0.0020626250000000002,
        0.002293958,
        0.0022375420000000004,
        0.002026541,
        0.001760084,
        0.001966041,
        0.0018451250000000002,
        0.0018951670000000001,
        0.002144584,
        0.002078375,
        0.0017254590000000002,
        0.0025475420000000003,
        0.0019764170000000003,
        0.001897292,
        0.0018939170000000002,
        0.001853042,
        0.0018401250000000002,
        0.001796959,
        0.001653584,
        0.002368166
      ],
      "memory_usage_byte": [
        1982464,
        1982464,
        1982464,
        1982464,
        1982464,
        1982464,
        1982464,
        2113536,
        2113536,
        2113536,
        2113536,
        2113536,
        2113536,
        2113536,
        2113536,
        2113536,
        2113536,
        2113536,
        2113536,
        2113536,
        2113536,
        2113536,
        2113536,
        2113536,
        2113536,
        2113536,
        2113536,
        2113536,
        2113536,
        2113536
      ],
      "exit_codes": [
        0,
        0,
        0,
        0,
        0,
        0,
        0,
        0,
        0,
        0,
        0,
        0,
        0,
        0,
        0,
        0,
        0,
        0,
        0,
        0,
        0,
        0,
        0,
        0,
        0,
        0,
        0,
        0,
        0,
        0
      ]
    },
    {
      "command": "/Users/kakurega/dev/projects/kessel/kessel_bin parse /Users/kakurega/dev/projects/kessel/kessel/bench_large.js > /dev/null",
      "mean": 0.0563056832,
      "stddev": 0.0018692482298927873,
      "median": 0.055862542,
      "user": 0.0490656,
      "system": 0.006047266666666665,
      "min": 0.054844333,
      "max": 0.06279225000000001,
      "times": [
        0.055991833000000005,
        0.055743209,
        0.06279225000000001,
        0.054844333,
        0.055999375000000004,
        0.055796792000000005,
        0.056405375,
        0.055862542,
        0.055076666,
        0.055652291000000007,
        0.056630417,
        0.056706916,
        0.05546995800000001,
        0.055399333,
        0.056213958
      ],
      "memory_usage_byte": [
        36716544,
        36716544,
        36716544,
        36716544,
        36716544,
        36716544,
        36716544,
        36716544,
        36716544,
        36716544,
        36716544,
        36716544,
        36716544,
        36716544,
        36716544
      ],
      "exit_codes": [
        0,
        0,
        0,
        0,
        0,
        0,
        0,
        0,
        0,
        0,
        0,
        0,
        0,
        0,
        0
      ]
    }
  ],
  "benchmark_date": "2026-04-18T07:32:25+02:00",
  "kessel_binary": "/Users/kakurega/dev/projects/kessel/kessel_bin"
}
